id,first_name,last_name,email,gender,ip_address
1,Nappy,Chilcott,"nchi,,wepokewe,w,ew,ewwe,l,cew2/@@ew,;lmelkwmf2#@32cd3d2lcott0@acquirethisname.com",Male,79.57.248.62
2,Jarred,Peacey,jpeacey1@usatoday.com,Male,108.240.83.194
3,Munroe,Motte,mmotte2@usda.gov,Male,135.192.165.95
4,Jareb,Walkey,"jwalk,,,,,,23,323232,32,23,32,,32,32@#@#@#@@#@D@#D@#D@#dey3@cornell.edu",Male,208.47.182.246
5,Wye,Paolazzi,wpaolazzi4@samsung.com,Male,188.212.70.132
6,Virgie,Kubek,vkubek5@joomla.org,Female,81.86.7.93
7,Salomi,Fegan,sfegan6@ox.ac.uk,Female,173.180.167.123
8,Duke,Verdie,dverdie7@joomla.org,Male,228.46.189.154
9,Maurice,Carn,mcarn8@linkedin.com,Male,15.185.59.140
10,Marthe,Bote,mbote9@pen.io,Female,57.226.48.240
11,Clio,Mulroy,cmulroya@dedecms.com,Female,235.104.37.28
12,Edgard,Caberas,ecaberasb@hhs.gov,Male,241.7.187.248
13,Johnathan,Liddington,jliddingtonc@yandex.ru,Male,183.145.7.54
14,Chadd,Balsdon,cbalsdond@mapquest.com,Male,73.92.70.158
15,Reggie,Eckh,reckhe@free.fr,Male,49.128.245.34
16,Willetta,Belderfield,wbelderfieldf@xing.com,Female,186.113.59.72
17,Lana,Swanston,lswanstong@addthis.com,Female,158.181.99.239
18,Charity,O'Cahey,cocaheyh@hostgator.com,Female,217.221.75.157
19,Benni,Billingsly,bbillingslyi@pbs.org,Female,115.61.237.213
20,Kearney,Borge,kborgej@salon.com,Male,75.242.3.113
21,Josie,Freeborn,jfreebornk@jalbum.net,Female,134.199.49.199
22,Aliza,Orrill,aorrilll@feedburner.com,Female,1.10.117.7
23,Janaya,Gawen,jgawenm@sbwire.com,Female,90.81.254.242
24,Abby,Tessington,atessingtonn@google.it,Female,67.223.245.38
25,Amity,Siddle,asiddleo@delicious.com,Female,117.64.130.192
26,Hedi,Langston,hlangstonp@geocities.com,Female,100.245.83.171
27,Howard,Loweth,hlowethq@blogs.com,Male,44.208.238.88
28,Yankee,Cowx,ycowxr@posterous.com,Male,255.14.231.17
29,Weber,Hazelby,whazelbys@springer.com,Male,130.194.241.148
30,Traci,Robinett,trobinettt@constantcontact.com,Female,60.70.117.30
31,Pete,Atack,patacku@dot.gov,Male,219.24.221.215
32,Yanaton,Hoggan,yhogganv@ted.com,Male,174.148.3.255
33,Devlin,Illwell,dillwellw@forbes.com,Male,167.215.201.205
34,Broddy,Ipgrave,bipgravex@tiny.cc,Male,255.88.219.88
35,Rudy,Phifer,rphifery@cdbaby.com,Male,111.252.60.77
36,Kipp,Simmens,ksimmensz@ebay.com,Male,230.88.227.249
37,Effie,Brownsword,ebrownsword10@newsvine.com,Female,19.244.5.25
38,Drucy,Casiroli,dcasiroli11@meetup.com,Female,90.200.200.203
39,Tyrus,Worg,tworg12@loc.gov,Male,222.223.37.152
40,Iona,Local,ilocal13@delicious.com,Female,126.253.229.98
41,Curr,Spellacy,cspellacy14@devhub.com,Male,171.181.12.178
42,Ezequiel,Jeacock,ejeacock15@xing.com,Male,163.209.33.122
43,Adriane,Seckington,aseckington16@ca.gov,Female,200.83.136.19
44,Powell,Thoumas,pthoumas17@webeden.co.uk,Male,243.12.136.214
45,Augy,Patrie,apatrie18@drupal.org,Male,30.27.72.37
46,Benjamin,Tebb,btebb19@state.gov,Male,167.92.160.225
47,Dilan,Coon,dcoon1a@disqus.com,Male,233.68.106.57
48,Esma,Hearle,ehearle1b@twitpic.com,Female,167.229.143.146
49,Irwinn,Dewick,idewick1c@japanpost.jp,Male,114.69.69.147
50,Goraud,Wigginton,gwigginton1d@samsung.com,Male,81.76.203.67
51,Fergus,Glencrosche,fglencrosche1e@tuttocitta.it,Male,197.163.191.31
52,Archibold,Roe,aroe1f@usatoday.com,Male,71.251.146.176
53,Morty,De Mitri,mdemitri1g@wufoo.com,Male,28.178.202.13
54,Kristin,Beekman,kbeekman1h@stanford.edu,Female,229.93.38.142
55,Emera,Hexter,ehexter1i@reddit.com,Female,152.244.61.232
56,Gardy,Tal,gtal1j@sitemeter.com,Male,67.127.231.129
57,Delaney,Wansbury,dwansbury1k@tripadvisor.com,Male,239.206.93.7
58,Cherry,Croll,ccroll1l@paginegialle.it,Female,83.172.53.26
59,Corbett,Cheson,ccheson1m@bbb.org,Male,94.103.43.113
60,Goober,Patman,gpatman1n@networkadvertising.org,Male,174.132.196.242
61,Ferdie,Blowick,fblowick1o@bloglovin.com,Male,44.214.11.191
62,Manolo,Meriot,mmeriot1p@dell.com,Male,144.216.48.191
63,Ward,Kyston,wkyston1q@latimes.com,Male,222.182.73.141
64,Ranna,Soltan,rsoltan1r@yelp.com,Female,46.41.130.45
65,Brucie,Dunnion,bdunnion1s@hibu.com,Male,192.10.196.216
66,Cookie,Beminster,cbeminster1t@amazon.de,Female,93.121.82.190
67,Dulce,Custed,dcusted1u@ihg.com,Female,249.240.31.121
68,Elora,Abrahamson,eabrahamson1v@independent.co.uk,Female,3.178.61.231
69,Abby,Bresson,abresson1w@engadget.com,Female,39.88.36.8
70,Benjamen,Dinkin,bdinkin1x@slate.com,Male,127.234.110.225
71,Camala,Dungee,cdungee1y@yellowpages.com,Female,136.21.229.50
72,Dyana,Delacour,ddelacour1z@surveymonkey.com,Female,172.116.182.230
73,Lacie,Hazeldene,lhazeldene20@nasa.gov,Female,126.252.162.161
74,Rhonda,Cops,rcops21@shutterfly.com,Female,29.244.169.209
75,Morganne,Nortunen,mnortunen22@newyorker.com,Female,118.87.30.120
76,Kenyon,Debell,kdebell23@typepad.com,Male,196.139.221.119
77,Dolph,Shallcroff,dshallcroff24@reverbnation.com,Male,215.255.235.252
78,Rabbi,Rackam,rrackam25@arstechnica.com,Male,171.161.60.166
79,Gisele,MacMorland,gmacmorland26@bravesites.com,Female,180.163.186.190
80,Ronny,Durker,rdurker27@redcross.org,Female,72.226.78.79
81,Hali,Lawly,hlawly28@adobe.com,Female,233.92.124.46
82,Lurlene,Siddens,lsiddens29@slate.com,Female,159.248.158.141
83,Grady,Andreaccio,gandreaccio2a@squidoo.com,Male,227.188.195.4
84,Albert,Shreeves,ashreeves2b@edublogs.org,Male,169.225.171.248
85,Iolande,Shuttle,ishuttle2c@furl.net,Female,189.185.224.160
86,Karlen,Cerith,kcerith2d@weather.com,Female,83.60.34.130
87,Rosaline,Ziem,rziem2e@comsenz.com,Female,220.130.63.146
88,Perceval,Maven,pmaven2f@fc2.com,Male,48.9.45.167
89,Doug,Buzek,dbuzek2g@vk.com,Male,104.235.153.54
90,Beltran,Toffolini,btoffolini2h@redcross.org,Male,186.178.218.72
91,Bidget,Cayford,bcayford2i@washington.edu,Female,126.219.126.27
92,Flossi,Castelyn,fcastelyn2j@ezinearticles.com,Female,121.61.35.218
93,Jamey,Musprat,jmusprat2k@ibm.com,Male,90.82.186.109
94,Nikolia,Bollands,nbollands2l@studiopress.com,Female,136.68.141.246
95,Corliss,Bebb,cbebb2m@wiley.com,Female,147.38.160.158
96,Heriberto,Jesty,hjesty2n@hp.com,Male,155.136.184.97
97,Bondy,Fluit,bfluit2o@businessweek.com,Male,199.255.155.245
98,Lorelei,Arend,larend2p@amazon.com,Female,81.183.179.186
99,Amil,Walesby,awalesby2q@rakuten.co.jp,Female,47.82.0.97
100,Maribelle,Buckle,mbuckle2r@digg.com,Female,37.30.25.33
